,cmp,0,1,2,3,4,5,6,7,8,9,10
0,(주)티몬,0.0,0.0,0.0,0.3796062171459198,0.0,0.5967397689819336,0.0,0.0,0.0,0.01552637666463852,0.0
1,(주)위메프,0.0,0.0,0.0,0.14765019714832306,0.0,0.16326813399791718,0.08578701317310333,0.5951946377754211,0.0,0.0,0.0
2,(주)엘지유플러스,0.6821083426475525,0.14789877831935883,0.0,0.0,0.0,0.1302957981824875,0.0,0.0,0.0,0.0,0.03374244645237923
3,삼성에스디에스(주),0.09439248591661453,0.5343164801597595,0.0,0.0,0.0,0.0857616662979126,0.0,0.0,0.2223815619945526,0.06270449608564377,0.0
4,(주)엘지씨엔에스,0.0,0.0,0.0,0.0,0.0,0.0,0.0,0.0,0.0,0.9767019152641296,0.0
5,(주)케이티,0.4692608416080475,0.012435250915586948,0.0,0.0,0.3911049962043762,0.0,0.0,0.0,0.0,0.12668471038341522,0.0
6,네이버(주),0.0,0.0,0.0,0.0,0.0,0.9416386485099792,0.0,0.0,0.0,0.05762018635869026,0.0
7,(주)더존비즈온,0.0,0.0,0.0,0.0,0.0,0.0,0.0,0.6170186996459961,0.0,0.3722366392612457,0.0
8,롯데정보통신(주),0.10678895562887192,0.0468011349439621,0.0,0.0,0.2060146927833557,0.0,0.0,0.0,0.48601657152175903,0.15395405888557434,0.0
9,효성아이티엑스(주),0.05624350532889366,0.23406220972537994,0.0,0.0,0.0,0.0,0.7081366777420044,0.0,0.0,0.0,0.0
10,(주)카카오,0.02182004414498806,0.0,0.0,0.0,0.0,0.8144371509552002,0.0,0.06362058967351913,0.0,0.09328844398260117,0.0
11,(주)케이티씨에스,0.06414742767810822,0.44249051809310913,0.0,0.01753118261694908,0.06534983962774277,0.0,0.29102563858032227,0.0,0.0,0.011078855022788048,0.10802369564771652
12,(주)엔씨소프트,0.0,0.10489809513092041,0.0,0.0,0.0,0.12942709028720856,0.0,0.497146874666214,0.0,0.17309005558490753,0.09506002068519592
13,카페24(주),0.0,0.0,0.0,0.31452834606170654,0.0,0.6849633455276489,0.0,0.0,0.0,0.0,0.0
14,(주)야놀자,0.0,0.0,0.0,0.1555495262145996,0.0,0.6787289977073669,0.0,0.0,0.1651969701051712,0.0,0.0
15,씨제이올리브네트웍스(주),0.0,0.0,0.0,0.0,0.0,0.0,0.0,0.1118665412068367,0.784081757068634,0.09885977953672409,0.0
16,에스케이플래닛(주),0.1627351939678192,0.0,0.0,0.0,0.0,0.20518535375595093,0.0,0.5360053181648254,0.0942285805940628,0.0,0.0
17,(주)지마켓,0.0,0.0,0.0,0.0,0.0,0.8710610270500183,0.0,0.0,0.12616537511348724,0.0,0.0
18,SK텔레콤(주),0.19871382415294647,0.028219640254974365,0.0,0.0,0.0,0.7722176313400269,0.0,0.0,0.0,0.0,0.0
19,요기요,0.0,0.0,0.0,0.24726752936840057,0.0,0.3671194314956665,0.0,0.019094549119472504,0.0,0.0,0.3527495861053467
20,(주)안랩,0.055174585431814194,0.0,0.0,0.0,0.04596005380153656,0.0,0.0,0.29203009605407715,0.0,0.5559552311897278,0.04495375230908394
21,(주)넥슨코리아,0.017532171681523323,0.0,0.0,0.0,0.04581279307603836,0.17650040984153748,0.0,0.6823891997337341,0.0,0.0471615344285965,0.0300276055932045
22,(주)사람인,0.0,0.0,0.0,0.042131904512643814,0.0,0.012860443443059921,0.0,0.944144606590271,0.0,0.0,0.0
23,(주)인라이플,0.0,0.0,0.0,0.9996868371963501,0.0,0.0,0.0,0.0,0.0,0.0,0.0
24,(주)케이티아이에스,0.13014362752437592,0.5223288536071777,0.0,0.0,0.0,0.0,0.1173909455537796,0.06042981147766113,0.0,0.16854819655418396,0.0
25,한국아이비엠(주),0.0,0.0,0.0,0.0,0.4797195494174957,0.25320369005203247,0.0,0.0,0.0,0.2643722891807556,0.0
26,(주)인피닉,0.0,0.3696805536746979,0.0,0.1764574646949768,0.0,0.0,0.31525230407714844,0.0,0.0,0.11691732704639435,0.02065695822238922
27,(주)티맥스소프트,0.0,0.0,0.0,0.0,0.0,0.0,0.0,0.4351900815963745,0.0,0.5625392198562622,0.0
28,(주)케이티알파,0.42617934942245483,0.0,0.0,0.08791643381118774,0.0,0.0,0.26704835891723633,0.14961256086826324,0.0,0.06605911254882812,0.0
29,(주)우아한형제들,0.0,0.0,0.0,0.0,0.0,0.6628010272979736,0.0,0.0,0.0,0.0,0.3364832103252411
30,(주)미라콤아이앤씨,0.0,0.8366701602935791,0.0,0.0,0.0,0.0,0.0,0.0,0.16184182465076447,0.0,0.0
31,엔에이치엔(주),0.0,0.0,0.0,0.0,0.0,0.20313602685928345,0.0,0.78172367811203,0.0,0.014380712993443012,0.0
32,현대오토에버(주),0.0,0.0,0.0,0.0,0.0,0.0,0.0,0.022063562646508217,0.9773769974708557,0.0,0.0
33,(주)케이티디에스,0.80512934923172,0.023979907855391502,0.0,0.0,0.0,0.0,0.0,0.0,0.14658640325069427,0.02356409840285778,0.0
34,(주)코리아센터,0.0,0.0,0.0,0.014588914811611176,0.0,0.21040263772010803,0.16785813868045807,0.6058642864227295,0.0,0.0,0.0
35,콘센트릭스서비스코리아(유),0.0,0.010489528067409992,0.0,0.13267801702022552,0.0,0.14542602002620697,0.337771475315094,0.0,0.0,0.36070895195007324,0.012535398826003075
36,(주)이글루코퍼레이션,0.0,0.03474491089582443,0.0,0.0,0.0,0.0,0.0,0.0,0.0,0.9642713665962219,0.0
37,(주)신한디에스,0.9988689422607422,0.0,0.0,0.0,0.0,0.0,0.0,0.0,0.0,0.0,0.0
38,라인플러스(주),0.0,0.0,0.0,0.0,0.0,0.9242099523544312,0.0,0.0,0.0,0.06779343634843826,0.0
39,한전케이디엔(주),0.15073303878307343,0.11170897632837296,0.0,0.0,0.7268472909927368,0.0,0.0,0.0,0.0,0.0,0.0
40,(주)커리어넷,0.0,0.0,0.0,0.0,0.2595912218093872,0.0,0.1438402384519577,0.0,0.0,0.20414260029792786,0.39049452543258667
41,(주)다우기술,0.11510808765888214,0.0,0.0,0.0,0.0,0.013706584461033344,0.0,0.08686302602291107,0.0,0.7825087308883667,0.0
42,(주)마이다스아이티,0.0,0.0,0.0,0.0,0.0,0.058061398565769196,0.0,0.0,0.0,0.939135730266571,0.0
43,에스케이(주),0.4226166307926178,0.0,0.0,0.0,0.0,0.010104279033839703,0.0,0.0,0.186015322804451,0.3796272873878479,0.0
44,(주)스펙업애드,0.0,0.0,0.0,0.0,0.0,0.0,0.995384156703949,0.0,0.0,0.0,0.0
45,잡코리아 유한책임회사,0.0,0.0,0.0,0.09190987050533295,0.0,0.47366178035736084,0.0,0.4266715943813324,0.0,0.0,0.0
46,넷마블(주),0.0,0.08767321705818176,0.0,0.0,0.0,0.33278942108154297,0.0,0.21334917843341827,0.11787612736225128,0.0,0.24635140597820282
47,넥슨네트웍스(주),0.07054619491100311,0.030916398391127586,0.0,0.0,0.0,0.026233689859509468,0.0,0.6645094752311707,0.0,0.20623959600925446,0.0
48,팅크웨어(주),0.0,0.0,0.0,0.47751927375793457,0.0,0.11324163526296616,0.0,0.19201694428920746,0.0,0.21586193144321442,0.0
49,엘에스산전(주),0.11167804151773453,0.19208873808383942,0.0,0.0,0.0,0.0,0.0,0.0,0.0,0.6930141448974609,0.0
50,(주)브랜디,0.0,0.0,0.0,0.9684892296791077,0.0,0.024386895820498466,0.0,0.0,0.0,0.0,0.0
51,나이스평가정보(주),0.061864517629146576,0.0,0.0,0.0,0.0,0.0,0.0,0.0,0.0,0.0,0.9362669587135315
52,에스케이엠앤서비스(주),0.11351964622735977,0.0,0.0,0.0,0.0,0.24175697565078735,0.16049687564373016,0.4670192301273346,0.012984235771000385,0.0,0.0
53,티시스(주),0.2266005128622055,0.12187831103801727,0.0,0.0,0.0,0.0,0.13255134224891663,0.0,0.0,0.5093335509300232,0.0
54,(주)커넥트웨이브,0.011638063006103039,0.0,0.0,0.2256637066602707,0.3214830458164215,0.09051065891981125,0.23092719912528992,0.05561591312289238,0.057145267724990845,0.0,0.0
55,여기어때,0.0,0.0,0.0,0.0,0.0,0.04269643872976303,0.0,0.0,0.9558101892471313,0.0,0.0
56,휴넷(주),0.0,0.0,0.0,0.010625404305756092,0.0,0.576180100440979,0.0,0.0,0.0,0.4121854901313782,0.0
57,(주)컴투스,0.0,0.0,0.0,0.0,0.0,0.049293916672468185,0.022492317482829094,0.9271654486656189,0.0,0.0,0.0
58,(주)링크프라이스,0.0,0.0,0.0,0.36328986287117004,0.0,0.0,0.6353253722190857,0.0,0.0,0.0,0.0
59,(주)지에스아이티엠,0.0,0.16343903541564941,0.0,0.0,0.21430841088294983,0.052444539964199066,0.0,0.0,0.0,0.5586448907852173,0.0
60,(주)와이즈스톤,0.0,0.45480507612228394,0.0,0.0,0.0,0.0,0.0,0.0,0.0,0.5413801074028015,0.0
61,(주)비즈테크아이,0.0,0.6441018581390381,0.0,0.0,0.0,0.0,0.0,0.1500902622938156,0.10508795082569122,0.09369862824678421,0.0
62,엔테크서비스(주),0.5838348865509033,0.0,0.0,0.0,0.0,0.37959951162338257,0.0,0.0,0.0,0.03457247093319893,0.0
63,(주)네오위즈,0.0,0.0,0.0,0.0,0.0,0.0,0.0,0.9984266757965088,0.0,0.0,0.0
64,메가존(주),0.0,0.0,0.0,0.3641917407512665,0.0,0.0,0.0,0.0,0.0,0.619361400604248,0.0
65,(주)아이파트너즈,0.0,0.0,0.0,0.319333553314209,0.0,0.0,0.41464757919311523,0.2570018172264099,0.0,0.0,0.0
66,(주)디케이테크인,0.012984318658709526,0.021000832319259644,0.0,0.2804074287414551,0.0,0.6259536147117615,0.0,0.041604183614254,0.0,0.0,0.0
67,신세계아이앤씨(주),0.0,0.0,0.0,0.0,0.0,0.0,0.0,0.0,0.9988937377929688,0.0,0.0
68,(주)현대이지웰,0.2953118085861206,0.0,0.0,0.07069924473762512,0.055488139390945435,0.0,0.08366946876049042,0.33212652802467346,0.0940045714378357,0.06749963760375977,0.0
69,(주)아프리카티비,0.0,0.0,0.0,0.01902761682868004,0.0,0.0,0.0,0.0,0.8472173810005188,0.131835475564003,0.0
70,제로웹(주),0.0,0.0,0.0,0.018404237926006317,0.0,0.0,0.10567253082990646,0.0,0.0,0.8649008870124817,0.0
71,(주)윈스,0.0,0.0,0.0,0.1305810511112213,0.0,0.0,0.0,0.08182907104492188,0.0,0.7836135029792786,0.0
72,지오시스(유),0.0,0.0,0.0,0.0,0.23064857721328735,0.03709254786372185,0.6093820333480835,0.11646000295877457,0.0,0.0,0.0
73,(주)와이즈넛,0.0,0.3899042010307312,0.0,0.2553436756134033,0.03358718007802963,0.0,0.0,0.17798598110675812,0.0,0.14153039455413818,0.0
74,(주)써머스플랫폼,0.0,0.0,0.0,0.0,0.0,0.0,0.9232656359672546,0.0,0.07298028469085693,0.0,0.0
75,에스케이커뮤니케이션즈(주),0.0,0.0,0.0,0.0,0.0,0.4120528995990753,0.4232873022556305,0.0,0.0,0.156576007604599,0.0
76,코나아이(주),0.0,0.0,0.0,0.8232572078704834,0.0,0.0,0.01357849221676588,0.0,0.0,0.16174618899822235,0.0
77,케이지이니시스(주),0.0,0.0,0.0,0.5992839932441711,0.0,0.0,0.0,0.365240216255188,0.03269890323281288,0.0,0.0
78,(주)미디어로그,0.2258164882659912,0.7714277505874634,0.0,0.0,0.0,0.0,0.0,0.0,0.0,0.0,0.0
79,(주)아이뱅크,0.0,0.026200350373983383,0.0,0.6005203723907471,0.0,0.0,0.370564728975296,0.0,0.0,0.0,0.0
80,(주)직방,0.0,0.024830373004078865,0.0,0.0,0.0,0.9609537720680237,0.0,0.0,0.0,0.0,0.0
81,데이터스트림즈(주),0.0,0.025739500299096107,0.0,0.19339904189109802,0.0,0.0,0.0,0.032398585230112076,0.0,0.6963910460472107,0.0437038354575634
82,(주)엠서클,0.0,0.5733618140220642,0.0,0.04863855242729187,0.0,0.0,0.0,0.27852779626846313,0.09706973284482956,0.0,0.0
83,와이즈와이어즈(주),0.03759956732392311,0.2675994634628296,0.0,0.0,0.0,0.0,0.0,0.020393911749124527,0.0,0.6646918058395386,0.0
84,(주)이스트소프트,0.0,0.0,0.0,0.24235470592975616,0.04084540903568268,0.37086257338523865,0.0,0.0,0.26314017176628113,0.0,0.08055171370506287
85,예스이십사(주),0.0,0.0,0.0,0.0,0.8645997047424316,0.0,0.13270804286003113,0.0,0.0,0.0,0.0
86,에스케이오앤에스(주),0.7452902793884277,0.25125616788864136,0.0,0.0,0.0,0.0,0.0,0.0,0.0,0.0,0.0
87,씨엔티테크(주),0.0,0.0,0.0,0.8452548384666443,0.0,0.06740555167198181,0.0,0.0,0.0,0.0,0.08412032574415207
88,(주)위메이드,0.0,0.0,0.0,0.2787976861000061,0.0,0.0,0.0,0.7192443013191223,0.0,0.0,0.0
89,한국오라클(유),0.17197129130363464,0.0,0.0,0.0,0.15888634324073792,0.4305286407470703,0.0,0.0,0.0,0.23526301980018616,0.0
90,한국지능정보사회진흥원,0.5857011079788208,0.08346891403198242,0.0,0.0,0.0,0.0,0.0,0.21180512011051178,0.0,0.1171579360961914,0.0
91,(주)이카운트,0.0,0.0,0.0,0.0,0.0,0.0,0.0,0.0,0.0,0.9934614896774292,0.0
92,나비스오토모티브시스템즈(주),0.0,0.26414766907691956,0.0,0.0,0.0,0.0,0.07269412279129028,0.0,0.0,0.0,0.6548190712928772
93,이씨이십일(주),0.0,0.768153190612793,0.0,0.0,0.0,0.07963363081216812,0.13922184705734253,0.0,0.0,0.0,0.0
94,줌인터넷(주),0.0,0.0,0.0,0.16647213697433472,0.0,0.48159047961235046,0.0,0.03265931457281113,0.0,0.30242088437080383,0.015801720321178436
95,(주)웹젠,0.0,0.0,0.0,0.0,0.0,0.0,0.0,0.12682797014713287,0.0,0.0,0.8707506656646729
96,어니컴(주),0.0,0.9973410367965698,0.0,0.0,0.0,0.0,0.0,0.0,0.0,0.0,0.0
97,에스케이브로드밴드(주),0.4361061453819275,0.0,0.0,0.0,0.0,0.5529505014419556,0.0,0.0,0.0,0.0,0.0
98,(주)와이드넷엔지니어링,0.0,0.4035413861274719,0.0,0.4886307716369629,0.0,0.0,0.0,0.0,0.0,0.10401400178670883,0.0
99,베스핀글로벌(주),0.0,0.0,0.0,0.0,0.0,0.0425875261425972,0.0,0.0,0.595100998878479,0.3570786416530609,0.0
100,(주)한글과컴퓨터,0.033637188374996185,0.0,0.0,0.0,0.0,0.0,0.0,0.9631657004356384,0.0,0.0,0.0
101,엔에이치엔커머스(주),0.0,0.0,0.2283107489347458,0.0,0.0,0.06424175947904587,0.0,0.7040203213691711,0.0,0.0,0.0
102,오픈타이드코리아(주),0.011367461644113064,0.011367597617208958,0.011367438361048698,0.011367151513695717,0.01136745698750019,0.011367316357791424,0.8863250613212585,0.01136729959398508,0.011367576196789742,0.01136761624366045,0.011368032544851303
103,(주)제이슨그룹,0.0,0.0,0.0,0.0,0.9972773790359497,0.0,0.0,0.0,0.0,0.0,0.0
104,(주)펜타브리드,0.0,0.0,0.0,0.5545544624328613,0.0,0.0,0.0,0.36339545249938965,0.07831926643848419,0.0,0.0
105,(주)써스포,0.0,0.0,0.0,0.1314055174589157,0.0,0.0,0.0,0.0,0.0,0.0,0.8652125000953674
106,(주)클래스101,0.0,0.0,0.0,0.044281426817178726,0.0,0.6123653054237366,0.0,0.2517709732055664,0.0,0.0,0.08113250136375427
107,(주)오토소프트,0.0,0.37506288290023804,0.0,0.0,0.0,0.0,0.59648597240448,0.027130721136927605,0.0,0.0,0.0
108,테스트이앤씨(주),0.038077861070632935,0.12792924046516418,0.0,0.25009316205978394,0.0,0.0,0.13512663543224335,0.0,0.0,0.44669824838638306,0.0
109,코오롱베니트(주),0.0,0.22744084894657135,0.0,0.0,0.10346903651952744,0.0,0.0,0.0,0.6658055186271667,0.0,0.0
110,(주)아이비케이시스템,0.997974693775177,0.0,0.0,0.0,0.0,0.0,0.0,0.0,0.0,0.0,0.0
111,(주)디지털다임,0.0,0.0,0.0,0.0,0.0,0.9952635765075684,0.0,0.0,0.0,0.0,0.0
112,네이버시스템(주),0.0,0.0,0.0,0.6872641444206238,0.0,0.0,0.14407455921173096,0.0,0.0,0.1641424596309662,0.0
113,(주)이지서티,0.0,0.04011846333742142,0.0,0.7249846458435059,0.0,0.0,0.06484873592853546,0.0,0.0,0.16811318695545197,0.0
114,(주)푸드나무,0.0,0.0,0.0,0.9988786578178406,0.0,0.0,0.0,0.0,0.0,0.0,0.0
115,인크루트알바콜(주),0.2813625931739807,0.6996045112609863,0.0,0.0,0.0,0.0,0.0,0.0,0.0,0.0,0.0
116,(주)골프존,0.0,0.0,0.0,0.10749325156211853,0.09740550816059113,0.010423778556287289,0.1536037176847458,0.43996670842170715,0.0,0.0,0.1888558566570282
117,(주)폴라리스오피스,0.0,0.02358522266149521,0.0,0.31012746691703796,0.0,0.3139992952346802,0.0,0.28456857800483704,0.0,0.0,0.06376555562019348
118,메타넷글로벌(유),0.0,0.21902430057525635,0.0,0.0,0.0,0.0,0.07080113142728806,0.0,0.0,0.6999279856681824,0.0
119,(주)드림어스컴퍼니,0.01587432622909546,0.030532576143741608,0.0,0.0,0.0,0.5467685461044312,0.059618763625621796,0.0,0.18758440017700195,0.0,0.15874527394771576
120,(주)아이패밀리에스씨,0.0,0.0,0.0,0.8369174003601074,0.0,0.0,0.0,0.09784702211618423,0.06140652298927307,0.0,0.0
121,블루버드(주),0.0,0.0,0.0,0.6184052228927612,0.0,0.11687540262937546,0.0,0.18805915117263794,0.0,0.0715935006737709,0.0
122,메가존클라우드(주),0.0,0.09764482825994492,0.0,0.0,0.0,0.0,0.0,0.0,0.0,0.8904354572296143,0.0
123,슈어소프트테크(주),0.0,0.0,0.0,0.0,0.0,0.0,0.0,0.09814678132534027,0.0,0.8917403817176819,0.0
124,(주)토마토시스템,0.0,0.0,0.0,0.24040065705776215,0.0,0.0,0.0,0.0,0.0,0.7514834403991699,0.0
125,유빈스(주),0.4439777135848999,0.0700070783495903,0.0,0.0,0.0,0.0,0.05995674431324005,0.0,0.0,0.0,0.42325401306152344
126,다날(주),0.0,0.0,0.0,0.0,0.0,0.0,0.0,0.9976257085800171,0.0,0.0,0.0
127,(주)크래프톤,0.0,0.0,0.0,0.0,0.0,0.2717212736606598,0.0,0.7272064685821533,0.0,0.0,0.0
128,(주)카카오엔터테인먼트,0.15146313607692719,0.0,0.0,0.1251562386751175,0.0,0.6784632205963135,0.0,0.04402575269341469,0.0,0.0,0.0
129,이지케어텍(주),0.06468188017606735,0.0,0.0,0.0,0.0,0.0,0.0,0.0,0.0,0.9318442344665527,0.0
130,(주)파수,0.0,0.05776470899581909,0.0,0.0,0.0,0.0,0.0,0.0,0.0,0.9355961680412292,0.0
131,(주)애드캡슐소프트,0.0,0.2665598690509796,0.0,0.7271444201469421,0.0,0.0,0.0,0.0,0.0,0.0,0.0
132,(주)코그,0.0,0.0,0.0,0.0,0.0,0.0,0.0,0.0,0.0,0.9986527562141418,0.0
133,케이지모빌리언스(주),0.0,0.0,0.0,0.14466658234596252,0.0,0.03223687410354614,0.2518126368522644,0.17035017907619476,0.0,0.39703619480133057,0.0
134,퓨렌스(주),0.0,0.0,0.0,0.7510284781455994,0.0,0.0,0.0,0.0,0.0,0.24388794600963593,0.0
135,(주)비바리퍼블리카,0.0,0.0,0.0,0.0,0.0,0.9059052467346191,0.0,0.08689096570014954,0.0,0.0,0.0
136,(주)코이스,0.0,0.0,0.0,0.0,0.0,0.0,0.0,0.6752067804336548,0.0,0.0,0.3201691508293152
137,(재)한국특허기술진흥원,0.9952138066291809,0.0,0.0,0.0,0.0,0.0,0.0,0.0,0.0,0.0,0.0
138,쌍용정보통신(주),0.0,0.5417090654373169,0.0,0.03772210702300072,0.0,0.0,0.0,0.28571802377700806,0.0,0.13247540593147278,0.0
139,한국아이비엠테크니컬솔루션(유),0.0,0.8700336813926697,0.0,0.0,0.0,0.12169922143220901,0.0,0.0,0.0,0.0,0.0
140,알서포트(주),0.0,0.0,0.0,0.4756511151790619,0.0,0.09483251720666885,0.0,0.4238918721675873,0.0,0.0,0.0
141,한국마이크로소프트(유),0.0,0.0,0.0,0.0,0.0,0.6606299877166748,0.0,0.0,0.0,0.3355806767940521,0.0
142,(주)알티캐스트,0.0,0.0,0.0,0.0,0.0,0.5470197200775146,0.440006822347641,0.0,0.0,0.0,0.0
143,(주)컴파트너스,0.5391772985458374,0.0,0.0,0.4193921685218811,0.0,0.03891326114535332,0.0,0.0,0.0,0.0,0.0
144,(주)코난테크놀로지,0.0,0.03270263224840164,0.0,0.0,0.0,0.0,0.6697973608970642,0.0,0.0,0.29469090700149536,0.0
145,(주)샌드박스네트워크,0.0,0.0,0.0,0.3637561500072479,0.0,0.37844765186309814,0.2567349672317505,0.0,0.0,0.0,0.0
146,(주)연합뉴스,0.04177034646272659,0.9528450965881348,0.0,0.0,0.0,0.0,0.0,0.0,0.0,0.0,0.0
147,가비아(주),0.0,0.0,0.0,0.29014700651168823,0.0,0.22781406342983246,0.0,0.0,0.0,0.47361767292022705,0.0
148,케이원정보통신(주),0.0,0.7689236402511597,0.0,0.0,0.0,0.0,0.0,0.0,0.0,0.2198951095342636,0.0
149,더핑크퐁컴퍼니(주),0.0,0.0,0.0,0.0,0.0,0.8385661840438843,0.0,0.1590336114168167,0.0,0.0,0.0
150,(주)엠디에스테크,0.0,0.0,0.0,0.0,0.0,0.0,0.0,0.0,0.0,0.9886329770088196,0.0
151,(주)엔디에스,0.0,0.13355985283851624,0.0,0.0,0.0,0.0,0.0,0.8087331056594849,0.05422594025731087,0.0,0.0
152,(주)웅진,0.32993853092193604,0.0,0.0,0.033472687005996704,0.0,0.0,0.0,0.5582568645477295,0.0,0.07535707950592041,0.0
153,(주)지씨케어,0.0,0.0,0.0,0.10538127273321152,0.34078243374824524,0.032381027936935425,0.014850744046270847,0.5055109858512878,0.0,0.0,0.0
154,(주)지어소프트,0.0,0.0,0.0,0.0,0.0,0.0,0.0,0.0,0.0,0.9837613701820374,0.0
155,다음커뮤니케이션(주),0.0,0.0,0.0,0.35384881496429443,0.0,0.0,0.0,0.0,0.5643061995506287,0.0,0.0
156,인베니아(주),0.0,0.0,0.0,0.2214270383119583,0.0,0.0,0.0,0.08291313797235489,0.0,0.1797233372926712,0.5138354301452637
157,(주)아사달,0.0,0.41392573714256287,0.0,0.0,0.0,0.0,0.4912365972995758,0.0,0.0,0.08828315883874893,0.0
158,대보정보통신(주),0.1888517290353775,0.26415473222732544,0.0,0.5442585349082947,0.0,0.0,0.0,0.0,0.0,0.0,0.0
159,(주)콤텍시스템,0.015050197020173073,0.6296802759170532,0.0,0.27292394638061523,0.0,0.0,0.0,0.0,0.0,0.08008816093206406,0.0
160,와디즈,0.0,0.0,0.0,0.31391653418540955,0.0,0.5203637480735779,0.0,0.14991061389446259,0.0,0.0,0.0
161,(주)비트컴퓨터,0.052724409848451614,0.0,0.0,0.0,0.0,0.0,0.5721739530563354,0.0,0.0,0.3549809455871582,0.01773645728826523
162,(주)디비아이엔씨,0.6009961366653442,0.3903891146183014,0.0,0.0,0.0,0.0,0.0,0.0,0.0,0.0,0.0
163,(주)조이시티,0.0,0.0,0.0,0.018455075100064278,0.4569282531738281,0.14638207852840424,0.0,0.05451474338769913,0.0,0.308800607919693,0.012525985948741436
164,페이레터(주),0.0,0.0,0.0,0.0,0.0,0.0,0.0,0.0,0.9944550395011902,0.0,0.0
165,현대엠엔소프트(주),0.0,0.0,0.0,0.0,0.0,0.0,0.0,0.0,0.0,0.0,0.9300493597984314
166,(주)이모션글로벌,0.0,0.04496392235159874,0.0,0.56085604429245,0.0,0.25296878814697266,0.0,0.05803893133997917,0.016905279830098152,0.06435644626617432,0.0
167,(주)유비케어,0.07564372569322586,0.0,0.0,0.0,0.0,0.0,0.0,0.8108315467834473,0.0,0.0,0.103070929646492
168,에임시스템(주),0.0,0.49316301941871643,0.0,0.0,0.0,0.0,0.0,0.099124014377594,0.0,0.402894526720047,0.0
169,틱톡,0.0,0.0,0.0,0.0,0.0,0.9987643957138062,0.0,0.0,0.0,0.0,0.0
170,(주)스마일게이트엔터테인먼트,0.0,0.0,0.0,0.0,0.0,0.1472802758216858,0.0,0.8483380079269409,0.0,0.0,0.0
171,엔에이치엔케이씨피(주),0.0,0.05582769215106964,0.0,0.723925769329071,0.07988946884870529,0.0,0.0,0.13280734419822693,0.0,0.0,0.0
172,(주)진학사,0.0,0.0,0.0,0.06746648997068405,0.0,0.0,0.23505742847919464,0.0,0.658460259437561,0.037175923585891724,0.0
173,(주)위즈그룹,0.0,0.0,0.0,0.0,0.0,0.0,0.9845871925354004,0.0,0.0,0.0,0.0
174,(주)가온아이,0.0,0.11402536928653717,0.0,0.48563098907470703,0.0,0.0,0.27022585272789,0.0,0.0,0.12558072805404663,0.0
175,게임빌(주),0.0,0.0,0.0,0.0,0.0,0.0,0.0,0.9650264382362366,0.0,0.0,0.0
176,(주)그라비티,0.015789223834872246,0.3008900582790375,0.0,0.01855507679283619,0.0,0.0,0.22118519246578217,0.3475792706012726,0.0,0.0,0.09419673681259155
177,에스코어(주),0.0,0.6742827296257019,0.0,0.0,0.0,0.0,0.0,0.31779715418815613,0.0,0.0,0.0
178,나무커뮤니케이션(주),0.0,0.0,0.0,0.13154202699661255,0.0,0.5026760101318359,0.3637833595275879,0.0,0.0,0.0,0.0
179,케이씨씨정보통신(주),0.0,0.4634026885032654,0.0,0.0,0.0,0.0,0.0,0.39230889081954956,0.0,0.14022397994995117,0.0
180,이니텍(주),0.55653315782547,0.01926456391811371,0.0,0.41928645968437195,0.0,0.0,0.0,0.0,0.0,0.0,0.0
181,(주)키위컴퍼니,0.0,0.0,0.0,0.3182734549045563,0.0,0.6362549662590027,0.0,0.0,0.0,0.0,0.0
182,아이헤이트플라잉버그스(주),0.0,0.0,0.0,0.02108304761350155,0.0,0.06463711708784103,0.758463978767395,0.0,0.0,0.15520431101322174,0.0
183,(주)하이퍼커넥트,0.0,0.0,0.0,0.0,0.0,0.7686516642570496,0.0,0.2293521910905838,0.0,0.0,0.0
184,웹케시(주),0.0,0.0,0.0,0.0,0.0,0.0,0.0,0.6915088891983032,0.0,0.30420616269111633,0.0
185,(주)이트라이브,0.0,0.0,0.0,0.0,0.0,0.0,0.0,0.0,0.0,0.9944209456443787,0.0
186,더화이트커뮤니케이션(주),0.0,0.0,0.0,0.20830877125263214,0.0,0.0,0.30740731954574585,0.1778000295162201,0.0,0.0,0.30520302057266235
187,에스큐아이소프트(주),0.0,0.03456208482384682,0.0,0.0,0.0,0.0,0.0,0.043322063982486725,0.0,0.02710176631808281,0.8918153643608093
188,(주)지니,0.0,0.0,0.0,0.0,0.0,0.0,0.9950577020645142,0.0,0.0,0.0,0.0
189,(주)바이널씨,0.0,0.0,0.0,0.0,0.0,0.0,0.0,0.9863730072975159,0.0,0.010550122708082199,0.0
190,디케이서비스(주),0.0,0.0,0.0,0.0,0.0,0.0,0.0,0.0,0.0,0.9090699553489685,0.0
191,(주)모니터랩,0.0,0.0,0.06271104514598846,0.29193881154060364,0.0,0.0,0.0,0.0,0.0,0.6365185379981995,0.0
192,(주)미디어윌네트웍스,0.0,0.0,0.0,0.029735637828707695,0.0,0.0719907134771347,0.8941864371299744,0.0,0.0,0.0,0.0
193,유비벨록스(주),0.12362899631261826,0.6151508688926697,0.0,0.0,0.0,0.0,0.0,0.0,0.0,0.25505441427230835,0.0
194,구글코리아(유),0.0,0.0,0.0,0.0,0.0,0.5836545825004578,0.0,0.0,0.0,0.3285735249519348,0.08487069606781006
195,소리바다(주),0.0,0.0,0.0,0.0,0.0,0.6398922204971313,0.0,0.0,0.0,0.0,0.3367227613925934
196,케이비데이타시스템(주),0.9975555539131165,0.0,0.0,0.0,0.0,0.0,0.0,0.0,0.0,0.0,0.0
197,(주)스포티비,0.0,0.0,0.3916017711162567,0.0,0.0,0.0,0.07132790237665176,0.0,0.0,0.53370201587677,0.0
198,펜타시큐리티시스템(주),0.0,0.0,0.0,0.5301192998886108,0.0,0.0,0.0,0.0,0.0,0.4643505811691284,0.0
199,(유)미소,0.0,0.0,0.0,0.02913740836083889,0.0,0.3169582784175873,0.35656440258026123,0.0,0.0,0.0,0.2960219383239746
200,(주)스마일게이트스토브,0.0,0.0,0.0,0.0,0.0,0.15680839121341705,0.0,0.6349701285362244,0.0,0.02902153506875038,0.17672277987003326
201,(주)싸이버원,0.043133340775966644,0.2792055010795593,0.0,0.06119260936975479,0.0,0.0,0.0,0.0,0.0,0.6138913035392761,0.0
202,(주)마음에이아이,0.0,0.0,0.0,0.0,0.0,0.0,0.0,0.9965554475784302,0.0,0.0,0.0
203,(주)바이브컴퍼니,0.0,0.0,0.0,0.4359745383262634,0.0,0.29074037075042725,0.0,0.2356477975845337,0.03629142791032791,0.0,0.0
204,아시아나아이디티(주),0.2494516223669052,0.171827495098114,0.0,0.0,0.0,0.0,0.0,0.0,0.07930578291416168,0.4960290193557739,0.0
205,한솔인티큐브(주),0.0,0.0,0.0,0.0,0.9935961365699768,0.0,0.0,0.0,0.0,0.0,0.0
206,네오싸이언(주),0.0,0.24982298910617828,0.0,0.0,0.0,0.0,0.0,0.0,0.0,0.0,0.7430600523948669
207,(주)그린랩스,0.0,0.0,0.0,0.12413275986909866,0.0,0.8509820103645325,0.0,0.0,0.0,0.024089232087135315,0.0
208,(주)쿠프마케팅,0.0,0.0,0.0,0.9963330626487732,0.0,0.0,0.0,0.0,0.0,0.0,0.0
209,대신정보통신(주),0.0,0.06358753144741058,0.0,0.2540425956249237,0.0,0.0,0.0,0.6769406199455261,0.0,0.0,0.0
210,(주)에쓰씨케이,0.0,0.0,0.0,0.0,0.0,0.5566725134849548,0.0,0.0,0.42284613847732544,0.01738530583679676,0.0
211,(주)엑셈,0.0,0.0,0.0,0.0,0.0,0.0,0.0,0.8095700740814209,0.0,0.0,0.1873873621225357
212,(주)우리요,0.0,0.0,0.0,0.2514974772930145,0.0,0.48098888993263245,0.0,0.0,0.0,0.26113107800483704,0.0
213,엔카닷컴(주),0.0,0.05937565118074417,0.0,0.0,0.0,0.19092224538326263,0.09384889900684357,0.0,0.14919151365756989,0.4988972842693329,0.0
214,(주)엘솔컴퍼니,0.010104730725288391,0.010105048306286335,0.01010490395128727,0.010104847140610218,0.8989502191543579,0.01010537426918745,0.010105177760124207,0.01010467391461134,0.010104903019964695,0.010105401277542114,0.010104765184223652
215,스카우트(주),0.0,0.20270885527133942,0.0,0.0,0.0,0.0,0.7925047874450684,0.0,0.0,0.0,0.0
216,(주)시큐아이,0.0,0.741188108921051,0.0,0.0,0.0,0.0,0.0,0.0,0.2011038064956665,0.05510968342423439,0.0
217,인포뱅크(주),0.12448134273290634,0.3751450777053833,0.0,0.0,0.0,0.2257203906774521,0.0,0.0,0.0,0.26986685395240784,0.0
218,뱅크웨어글로벌(주),0.031682491302490234,0.0,0.0,0.020908992737531662,0.0,0.0,0.0,0.0,0.0,0.9456208944320679,0.0
219,(주)솔트룩스,0.0,0.0,0.0,0.4138312041759491,0.0,0.0,0.0,0.2935357987880707,0.0,0.2903379201889038,0.0
220,(주)아이엠비씨,0.0,0.2523392140865326,0.0,0.0,0.0,0.0,0.0,0.7337895035743713,0.0,0.0,0.0
221,(주)아이온커뮤니케이션즈,0.0,0.0,0.0,0.0,0.0,0.0,0.0,0.0,0.0,0.0,0.9783486127853394
222,(주)에티버스,0.0,0.1340639591217041,0.0,0.0,0.0,0.0,0.0,0.8627010583877563,0.0,0.0,0.0
223,(주)영림원소프트랩,0.0,0.0,0.0,0.0,0.0,0.0,0.0,0.9965422749519348,0.0,0.0,0.0
224,(주)농협정보시스템,0.9962109327316284,0.0,0.0,0.0,0.0,0.0,0.0,0.0,0.0,0.0,0.0
225,(주)예스콜닷컴,0.0,0.0,0.0,0.0,0.9740174412727356,0.0,0.0,0.0,0.0,0.0,0.0
226,(주)엔텔스,0.2104998081922531,0.0,0.0,0.5236350893974304,0.0,0.0,0.2624007761478424,0.0,0.0,0.0,0.0
227,한국통신인터넷기술(주),0.0,0.2814452350139618,0.0,0.0,0.0,0.0,0.0,0.0,0.0,0.7127503752708435,0.0
228,(주)오케이몰,0.01880917325615883,0.0,0.0,0.0,0.0,0.0,0.0,0.0,0.0,0.9772557616233826,0.0
229,(주)디지틀조선일보,0.0,0.0,0.0,0.7603979706764221,0.0,0.0,0.0,0.2293698638677597,0.0,0.0,0.0
230,(주)곰앤컴퍼니,0.0,0.0,0.0,0.0,0.0,0.32664528489112854,0.0,0.0,0.0,0.0,0.6632506251335144
231,(주)위버스마인드,0.0,0.8619722723960876,0.0,0.0,0.0,0.0,0.0,0.1258121132850647,0.0,0.0,0.0
232,한국지역정보개발원,0.9955423474311829,0.0,0.0,0.0,0.0,0.0,0.0,0.0,0.0,0.0,0.0
233,(주)캐스트이즈,0.0,0.050275519490242004,0.0,0.0,0.0,0.22319979965686798,0.0,0.0,0.0,0.0,0.7219203114509583
234,이퓨전아이(주),0.0,0.0,0.0,0.4277920126914978,0.0,0.0,0.0,0.0,0.0,0.5664442777633667,0.0
235,(주)잉카인터넷,0.0,0.0,0.0,0.19747884571552277,0.0,0.0,0.0,0.0,0.0,0.0,0.7963574528694153
236,(주)파이오링크,0.0,0.07637419551610947,0.0,0.4075690507888794,0.024888666346669197,0.0,0.04549673944711685,0.0,0.0,0.4440128803253174,0.0
237,(주)무브게임즈,0.0,0.0,0.0,0.0,0.0,0.0,0.40342283248901367,0.5911924242973328,0.0,0.0,0.0
238,굿어스(주),0.0,0.9971582293510437,0.0,0.0,0.0,0.0,0.0,0.0,0.0,0.0,0.0
239,인피니트헬스케어(주),0.010756941512227058,0.6711028814315796,0.0,0.0,0.09719262272119522,0.0,0.20546425879001617,0.0,0.0,0.013247011229395866,0.0
240,(주)플립커뮤니케이션즈,0.0,0.0,0.0,0.0,0.0,0.0,0.0,0.0,0.0,0.08785101771354675,0.9078862071037292
241,케이엘정보통신(주),0.0,0.299402117729187,0.0,0.5970173478126526,0.0,0.0,0.0,0.0,0.0,0.10061090439558029,0.0
242,(주)빗썸코리아,0.02857591025531292,0.023886969313025475,0.0,0.18982507288455963,0.11849123984575272,0.23645660281181335,0.0,0.0,0.0,0.3615274429321289,0.03318646922707558
243,(주)에이텍,0.0,0.5161133408546448,0.0,0.0,0.0,0.0,0.0,0.47936469316482544,0.0,0.0,0.0
244,굿모닝아이텍(주),0.0,0.9331780672073364,0.0,0.0,0.0,0.021719789132475853,0.0,0.0,0.0,0.0429498516023159,0.0
245,한빛소프트(주),0.0,0.0,0.976685106754303,0.0,0.0,0.0,0.0,0.0,0.0,0.0,0.0
246,에스에이피코리아(주),0.0,0.0,0.0,0.0,0.0,0.9956696033477783,0.0,0.0,0.0,0.0,0.0
247,한일네트웍스(주),0.17955948412418365,0.03854511305689812,0.0,0.0,0.0,0.0,0.7772908806800842,0.0,0.0,0.0,0.0
248,(주)씨디네트웍스,0.0,0.18880687654018402,0.0,0.0,0.0,0.08754600584506989,0.0,0.0,0.0,0.6503730416297913,0.068013034760952
249,(주)이테크시스템,0.0,0.45320776104927063,0.0,0.0,0.0,0.0,0.0,0.5440272092819214,0.0,0.0,0.0
250,(주)큐로드,0.0,0.0,0.0,0.02777703106403351,0.0,0.0,0.0475122295320034,0.9223638772964478,0.0,0.0,0.0
251,현대에이치디에스(주),0.9953127503395081,0.0,0.0,0.0,0.0,0.0,0.0,0.0,0.0,0.0,0.0
252,(주)골드넥스,0.0,0.0,0.0,0.8543134331703186,0.0,0.14189741015434265,0.0,0.0,0.0,0.0,0.0
253,라온시큐어(주),0.0,0.0,0.0,0.9514226913452148,0.0,0.04485705867409706,0.0,0.0,0.0,0.0,0.0
254,위니텍(주),0.0,0.0,0.0,0.6908729076385498,0.0,0.0,0.02536855824291706,0.0,0.0,0.2807522714138031,0.0
255,하이브랩(주),0.0,0.0,0.0,0.3071206510066986,0.0,0.0,0.06249925121665001,0.5338888764381409,0.0,0.09449578821659088,0.0
256,(주)네비웍스,0.0,0.0,0.0,0.3279540538787842,0.0,0.0,0.0,0.5515341758728027,0.0,0.11510750651359558,0.0
257,(주)투비소프트,0.0,0.0,0.0,0.38840681314468384,0.0,0.0,0.6052485108375549,0.0,0.0,0.0,0.0
258,(주)알앤비소프트,0.0,0.18210862576961517,0.0,0.0,0.0,0.0,0.0,0.0,0.0,0.8142375349998474,0.0
259,유엔젤(주),0.06105435639619827,0.0,0.0,0.0,0.930330216884613,0.0,0.0,0.0,0.0,0.0,0.0
260,이데일리(주),0.02488076314330101,0.0,0.0,0.0,0.0,0.0,0.0,0.0,0.0,0.0,0.9682989120483398
261,(주)웹이즈,0.0,0.0,0.0,0.888428270816803,0.0,0.0,0.0,0.0,0.0,0.0,0.10121066868305206
262,미디어젠(주),0.0,0.0,0.0,0.7766311168670654,0.0,0.0,0.0,0.21979497373104095,0.0,0.0,0.0
263,(주)엠에스티씨,0.0,0.4881155788898468,0.0,0.027042755857110023,0.0,0.0,0.4489213824272156,0.035029925405979156,0.0,0.0,0.0
264,(주)코비젼,0.0,0.0,0.0,0.1203387975692749,0.0,0.0,0.11410033702850342,0.49297988414764404,0.0,0.0,0.2710091769695282
265,유플리트(주),0.0,0.0,0.0,0.22909265756607056,0.0,0.0,0.0,0.0,0.0,0.7689158916473389,0.0
266,(주)피씨엔,0.0,0.0,0.0,0.0,0.011161412112414837,0.0,0.03142848238348961,0.8127589225769043,0.0,0.011457417160272598,0.1305830031633377
267,(주)펀엔씨,0.0,0.0,0.0,0.30938971042633057,0.0,0.2323245406150818,0.4564937949180603,0.0,0.0,0.0,0.0
268,디케이유엔씨(주),0.11160115152597427,0.0,0.0,0.845322847366333,0.0,0.0,0.0,0.0,0.0,0.0,0.0
269,한국모바일인증(주),0.0,0.0,0.0,0.06849875301122665,0.5442009568214417,0.0,0.19035930931568146,0.0,0.0,0.18756479024887085,0.0
270,(주)에이쓰리시큐리티,0.0,0.0,0.0,0.0,0.0,0.0,0.0,0.0,0.0,0.9875438809394836,0.0
271,토비스(주),0.0,0.0,0.0,0.010585765354335308,0.033135201781988144,0.0,0.0,0.010883347131311893,0.0,0.9420973062515259,0.0
272,데브시스터즈(주),0.0,0.0,0.0,0.0,0.0,0.22393344342708588,0.0,0.4507448673248291,0.0,0.09902110695838928,0.22521428763866425
273,(주)더크림유니언,0.0,0.0,0.0,0.19844403862953186,0.0,0.0,0.47995150089263916,0.31527844071388245,0.0,0.0,0.0
274,한국내쇼날인스트루먼트(주),0.0,0.0,0.0,0.0,0.37375321984291077,0.6123751401901245,0.0,0.0,0.0,0.0,0.0
275,(주)집토스,0.0,0.0,0.0,0.24700336158275604,0.0,0.0792149156332016,0.19647541642189026,0.0,0.0,0.47528526186943054,0.0
276,(주)아스템즈,0.0,0.12842261791229248,0.0,0.0,0.8648689389228821,0.0,0.0,0.0,0.0,0.0,0.0
277,드래곤플라이(주),0.0,0.0,0.0,0.0,0.0,0.3539196252822876,0.3518562316894531,0.0,0.0,0.27937600016593933,0.0
278,에이치엔아이엔씨(주),0.0,0.9960290789604187,0.0,0.0,0.0,0.0,0.0,0.0,0.0,0.0,0.0
279,(주)엔에이치엔다이퀘스트,0.08624058216810226,0.46159276366233826,0.0,0.3063908815383911,0.0,0.0,0.0,0.0,0.0,0.14231307804584503,0.0
280,테크빌교육(주),0.0,0.0,0.3910146951675415,0.0,0.0,0.0,0.0,0.0,0.0,0.1611253023147583,0.4430099129676819
281,(주)레진엔터테인먼트,0.0,0.0,0.0,0.48522573709487915,0.0,0.18004266917705536,0.0,0.3319653570652008,0.0,0.0,0.0
282,아이피그룹(주),0.0,0.0,0.0,0.0,0.9740177392959595,0.0,0.0,0.0,0.0,0.0,0.0
283,한국정보통신(주),0.0,0.0,0.9930586814880371,0.0,0.0,0.0,0.0,0.0,0.0,0.0,0.0
284,(주)소만사,0.0,0.0,0.0,0.2703545093536377,0.0,0.0,0.0,0.0,0.0,0.7268034815788269,0.0
285,(주)에이에스피엔,0.19636082649230957,0.0,0.0,0.20310890674591064,0.0,0.0,0.2591855227947235,0.0,0.0,0.33734092116355896,0.0
286,(주)엠로,0.0,0.018123071640729904,0.0,0.08437443524599075,0.0,0.0,0.0,0.0,0.0,0.8946826457977295,0.0
287,(주)진코퍼레이션,0.0,0.300550252199173,0.0,0.0,0.0,0.0,0.36317816376686096,0.0,0.0,0.2264384776353836,0.10561713576316833
288,(주)티디아이,0.0,0.0,0.0,0.9815805554389954,0.0,0.0,0.01390632800757885,0.0,0.0,0.0,0.0
289,(주)후이즈,0.0,0.0,0.0,0.9902210831642151,0.0,0.0,0.0,0.0,0.0,0.0,0.0
290,(주)큐드,0.0,0.9160084128379822,0.0,0.0,0.0,0.0,0.07997960597276688,0.0,0.0,0.0,0.0
291,코코네엠(주),0.0,0.0,0.0,0.0,0.0,0.2515369653701782,0.0,0.41452333331108093,0.0,0.2022818922996521,0.1288776844739914
292,한진정보통신(주),0.3637930452823639,0.0,0.0,0.0,0.6051139235496521,0.0,0.0,0.0,0.02695942111313343,0.0,0.0
293,(주)나온소프트,0.0,0.0,0.0,0.9968092441558838,0.0,0.0,0.0,0.0,0.0,0.0,0.0
294,(주)얍컴퍼니,0.0,0.0,0.0,0.8930248618125916,0.0,0.0,0.0,0.0887882187962532,0.0,0.0,0.0
295,(주)엔키아,0.0,0.0,0.0,0.0,0.03440120443701744,0.0,0.0,0.0,0.0,0.9608404040336609,0.0
296,(주)케이지제로인,0.23582102358341217,0.0,0.0,0.24521608650684357,0.0,0.0,0.03744881972670555,0.4781985878944397,0.0,0.0,0.0
297,(주)트릿지,0.0,0.0,0.0,0.0,0.0,0.29907599091529846,0.0,0.0,0.0,0.0,0.6984442472457886
298,씨에이에스(주),0.0,0.0,0.0,0.960517406463623,0.0,0.0,0.035861071199178696,0.0,0.0,0.0,0.0
299,아이덴티티게임즈(주),0.0,0.0,0.0,0.0,0.0,0.0,0.0,0.0,0.0,0.0,0.9875435829162598
300,우리에프아이에스(주),0.9967052340507507,0.0,0.0,0.0,0.0,0.0,0.0,0.0,0.0,0.0,0.0
301,디비에프아이에스(주),0.3321771025657654,0.19494757056236267,0.0,0.0,0.15559105575084686,0.0,0.0,0.0,0.0,0.3120230734348297,0.0
302,엑스엘게임즈(주),0.0,0.0,0.0,0.0,0.0,0.0,0.0,0.0,0.0,0.0,0.9919527769088745
303,(주)이루온,0.0,0.0,0.0,0.0,0.0,0.0,0.3039276599884033,0.6633334159851074,0.0,0.0,0.0
304,(주)발란,0.0,0.0,0.0,0.1725764274597168,0.0,0.3778930604457855,0.4470389485359192,0.0,0.0,0.0,0.0
305,(주)엔비티,0.0,0.0,0.0,0.11218873411417007,0.0,0.5619874000549316,0.31637564301490784,0.0,0.0,0.0,0.0
306,(주)엘루오씨앤씨,0.0,0.0,0.0,0.9746514558792114,0.0,0.0,0.0,0.0,0.0,0.01933041773736477,0.0
307,동양네트웍스(주),0.04549277573823929,0.045488033443689346,0.04548804834485054,0.04549337923526764,0.04548804834485054,0.0454893596470356,0.5451012253761292,0.04548865184187889,0.045488059520721436,0.04549438878893852,0.045488033443689346
308,슈어엠(주),0.0,0.0,0.0,0.9828407168388367,0.0,0.0,0.0,0.0,0.0,0.0,0.0
309,(주)딜리,0.0,0.0,0.0,0.6412789225578308,0.0,0.0,0.018357520923018456,0.21634593605995178,0.0,0.12095700949430466,0.0
310,(주)버킷플레이스,0.0,0.0,0.0,0.17337176203727722,0.0,0.7588304877281189,0.0,0.06667330116033554,0.0,0.0,0.0
311,(주)에이트원,0.0,0.0,0.0,0.0,0.0,0.0,0.9937283396720886,0.0,0.0,0.0,0.0
312,(주)와일리,0.0,0.0,0.0,0.0,0.0,0.0,0.0,0.9934102892875671,0.0,0.0,0.0
313,(주)브리지텍,0.0,0.46274474263191223,0.0,0.012154907919466496,0.22313202917575836,0.0,0.0,0.0,0.0,0.29916396737098694,0.0
314,(주)쇼엠,0.0,0.0,0.0,0.0,0.0,0.0,0.9990253448486328,0.0,0.0,0.0,0.0
315,(주)케이에스넷,0.06592680513858795,0.0,0.0,0.0,0.92934250831604,0.0,0.0,0.0,0.0,0.0,0.0
316,리파인(주),0.0,0.0,0.2699446380138397,0.32399165630340576,0.0,0.0,0.40047377347946167,0.0,0.0,0.0,0.0
317,(주)팍스넷,0.06674497574567795,0.0,0.0,0.0,0.0,0.0,0.9261375069618225,0.0,0.0,0.0,0.0
318,라온피플(주),0.0,0.0,0.0,0.3284328579902649,0.0,0.0,0.0,0.3027270436286926,0.0,0.3404930830001831,0.025479676201939583
319,마크애니(주),0.0,0.0,0.0,0.0,0.19818919897079468,0.0,0.0,0.0,0.0,0.7837694883346558,0.0
320,위자드랩(주),0.0,0.7095292210578918,0.0,0.2858726382255554,0.0,0.0,0.0,0.0,0.0,0.0,0.0
321,(주)스터디맥스,0.0,0.0,0.0,0.0,0.0,0.0,0.9724437594413757,0.0,0.0,0.0,0.0
322,중외정보기술(주),0.0,0.991256058216095,0.0,0.0,0.0,0.0,0.0,0.0,0.0,0.0,0.0
323,(주)싸이버로지텍,0.8002684712409973,0.0,0.0,0.0,0.0,0.19248908758163452,0.0,0.0,0.0,0.0,0.0
324,(주)엠스텍,0.0,0.9935503005981445,0.0,0.0,0.0,0.0,0.0,0.0,0.0,0.0,0.0
325,(주)여보야,0.0,0.0,0.0,0.4805837869644165,0.0,0.0,0.3538791537284851,0.0,0.0,0.10005589574575424,0.06375594437122345
326,(주)카카오스타일,0.0,0.0,0.0,0.0,0.0,0.9981554746627808,0.0,0.0,0.0,0.0,0.0
327,(주)링네트,0.0,0.07457110285758972,0.0,0.0,0.0,0.0,0.0,0.5637276768684387,0.0,0.24261662364006042,0.1150037944316864
328,(주)인젠트,0.0,0.0,0.9749583601951599,0.020665016025304794,0.0,0.0,0.0,0.0,0.0,0.0,0.0
329,(주)투믹스,0.0,0.0,0.0,0.6146009564399719,0.0,0.14268390834331512,0.2390592098236084,0.0,0.0,0.0,0.0
330,네이버클라우드(주),0.19358842074871063,0.0,0.0,0.0,0.0,0.5897547006607056,0.0,0.0,0.09350612014532089,0.12081895768642426,0.0
331,(주)와이드모바일,0.0,0.0,0.9840473532676697,0.0,0.0,0.0,0.0,0.0,0.0,0.0,0.0
332,갤럭시아머니트리(주),0.0,0.0,0.0,0.0,0.0,0.0,0.9953124523162842,0.0,0.0,0.0,0.0
333,스테이션3(주),0.0,0.0,0.0,0.027608804404735565,0.14151763916015625,0.0,0.8257501721382141,0.0,0.0,0.0,0.0
334,(주)중고나라,0.0,0.0,0.0,0.504408597946167,0.0,0.026043754070997238,0.4659101963043213,0.0,0.0,0.0,0.0
335,비플라이소프트(주),0.0,0.0,0.0,0.09647753089666367,0.0,0.0,0.33581477403640747,0.0,0.0,0.0,0.5654422640800476
336,(주)위세아이텍,0.0,0.6412721872329712,0.0,0.0,0.0,0.0,0.0,0.30236953496932983,0.0,0.046431951224803925,0.0
337,(주)탑코,0.0,0.0,0.0,0.5970543622970581,0.0,0.0,0.0,0.3771478831768036,0.0,0.023348120972514153,0.0
338,(주)핑거,0.036498114466667175,0.4601227939128876,0.0,0.21954382956027985,0.0,0.10901837795972824,0.0,0.0,0.0,0.17185145616531372,0.0
339,블리자드엔터테인먼트(유),0.0,0.0,0.0,0.0,0.0,0.8231456279754639,0.0,0.0,0.0,0.0,0.1378808617591858
340,이씨플라자(주),0.0,0.0,0.0,0.0,0.29024696350097656,0.0,0.7029321193695068,0.0,0.0,0.0,0.0
341,한국자산평가(주),0.0,0.9912756085395813,0.0,0.0,0.0,0.0,0.0,0.0,0.0,0.0,0.0
342,(주)에스더블유엠,0.0,0.0,0.0,0.0,0.20548126101493835,0.0,0.6876440048217773,0.09913536161184311,0.0,0.0,0.0
343,(주)오픈베이스,0.0,0.8157173991203308,0.0,0.0,0.0,0.0,0.0,0.0,0.0,0.17985855042934418,0.0
344,(주)카카오브이엑스,0.0,0.0,0.0,0.807515561580658,0.0,0.18869666755199432,0.0,0.0,0.0,0.0,0.0
345,노아에스앤씨(주),0.0,0.0,0.01711256615817547,0.16375580430030823,0.0,0.0,0.3099296987056732,0.0,0.0,0.0,0.5067814588546753
346,아마존웹서비스,0.0,0.0,0.0,0.0,0.0,0.9973174929618835,0.0,0.0,0.0,0.0,0.0
347,(주)쓰리아이,0.0,0.0,0.0,0.02259877324104309,0.0,0.27521613240242004,0.2785577178001404,0.0,0.0,0.4232325255870819,0.0
348,(주)씨케이앤비,0.0,0.0,0.0,0.4888104796409607,0.0,0.0,0.45283326506614685,0.0,0.0,0.05498811602592468,0.0
349,(주)유비온,0.12918555736541748,0.0,0.0,0.0,0.0,0.0,0.0,0.0,0.0,0.8661373257637024,0.0
350,(주)티맥스데이터,0.0,0.08095573633909225,0.0,0.0,0.0,0.0,0.0,0.820800244808197,0.0,0.09024947881698608,0.0
351,크리스피드(주),0.0,0.31095799803733826,0.0,0.6574391722679138,0.0,0.0,0.0,0.0,0.0,0.028138425201177597,0.0
352,아이템베이(주),0.0,0.0,0.0,0.9930049180984497,0.0,0.0,0.0,0.0,0.0,0.0,0.0
353,에스넷시스템(주),0.0,0.9967980980873108,0.0,0.0,0.0,0.0,0.0,0.0,0.0,0.0,0.0
354,와치텍(주),0.0,0.0,0.3465128540992737,0.0,0.0,0.0,0.0,0.0,0.0,0.6229610443115234,0.02529233507812023
355,(주)디파이,0.0,0.0,0.0,0.22266335785388947,0.0,0.048525165766477585,0.0,0.0,0.0,0.018144620582461357,0.708613395690918
356,(주)모비젠,0.0,0.0,0.0,0.11685217171907425,0.0,0.0,0.0,0.10065266489982605,0.0,0.0,0.778023898601532
357,(주)인벤,0.0,0.0,0.0,0.0,0.6546041965484619,0.3366895020008087,0.0,0.0,0.0,0.0,0.0
358,시스게이트(주),0.0,0.28725314140319824,0.0,0.0,0.0,0.0,0.7034460306167603,0.0,0.0,0.0,0.0
359,(주)시큐브,0.0,0.0,0.0,0.0,0.0,0.0,0.7087568044662476,0.0,0.0,0.2801833748817444,0.0
360,에이케이아이에스(주),0.22337351739406586,0.0,0.0,0.0,0.0,0.0,0.0828021988272667,0.4159443974494934,0.27309340238571167,0.0,0.0
361,유라클(주),0.025915000587701797,0.0,0.11131896078586578,0.13942968845367432,0.0,0.0,0.0,0.0,0.0,0.720727264881134,0.0
362,케이웨더(주),0.0,0.0,0.0,0.0,0.0,0.0,0.148207888007164,0.0,0.0,0.0,0.8452448844909668
363,(주)넷앤드,0.0,0.0,0.0,0.5707157850265503,0.0,0.0,0.0,0.0,0.0,0.42476221919059753,0.0
364,(주)누리플렉스,0.0,0.0,0.0,0.21049873530864716,0.0,0.0,0.0,0.3904765248298645,0.0,0.0,0.3954930901527405
365,(주)앱코,0.0,0.0,0.0,0.5416290163993835,0.2892768383026123,0.0,0.16451868414878845,0.0,0.0,0.0,0.0
366,(주)인성정보,0.0,0.36332836747169495,0.0,0.0,0.0,0.0,0.0,0.0,0.0,0.16408109664916992,0.4686580002307892
367,(주)판도라티비,0.0,0.0,0.0,0.0,0.0,0.0,0.0,0.0,0.0,0.9797924160957336,0.0
368,(주)플레이오토,0.0,0.0,0.0,0.6020169258117676,0.0,0.0,0.39237746596336365,0.0,0.0,0.0,0.0
369,비스텔(주),0.0,0.677963137626648,0.0,0.0,0.0,0.2738931477069855,0.0,0.0,0.0,0.0,0.0
370,세종텔레콤(주),0.22714437544345856,0.0,0.0,0.16316105425357819,0.0,0.0,0.03982841223478317,0.4019547998905182,0.0,0.0,0.16414819657802582
371,인픽스(주),0.0,0.0,0.0,0.4729536771774292,0.0,0.0,0.046448253095149994,0.0,0.0,0.10090483725070953,0.3735722303390503
372,(주)인지소프트,0.0,0.0,0.0,0.0,0.9351063370704651,0.0,0.057957910001277924,0.0,0.0,0.0,0.0
373,매드업(주),0.0,0.0,0.0,0.07871752232313156,0.0,0.5135874152183533,0.06750983744859695,0.0,0.0,0.33898183703422546,0.0
374,(주)플랜아이,0.0,0.0,0.0,0.10427534580230713,0.0,0.0,0.0,0.6630059480667114,0.0,0.08599797636270523,0.14523671567440033
375,엠게임(주),0.0,0.0,0.0,0.0,0.0,0.0,0.0,0.0,0.0,0.0,0.9834668636322021
376,(주)매경닷컴,0.0,0.0,0.0,0.0,0.0,0.0,0.37277501821517944,0.0,0.09840351343154907,0.0,0.5220221281051636
377,(주)아이엠폼,0.0,0.0,0.0,0.947277843952179,0.0,0.0,0.05007332190871239,0.0,0.0,0.0,0.0
378,(주)유디아이디,0.0,0.0,0.0,0.0,0.9948824644088745,0.0,0.0,0.0,0.0,0.0,0.0
379,메디컬아이피(주),0.0,0.0,0.0,0.3708624839782715,0.0,0.09815528988838196,0.11350522190332413,0.016212889924645424,0.0,0.3917955756187439,0.0
380,에릭슨엘지(주),0.07910620421171188,0.0,0.0,0.0,0.0,0.26267677545547485,0.0,0.0,0.0,0.6460921168327332,0.0
381,(주)아이티센,0.0,0.9871922731399536,0.0,0.0,0.0,0.0,0.0,0.0,0.0,0.0,0.0
382,번개장터(주),0.0,0.0,0.0,0.11383147537708282,0.0,0.6884171962738037,0.19597691297531128,0.0,0.0,0.0,0.0
383,(주)오파스넷,0.0,0.6439883708953857,0.0,0.0,0.0,0.011298967525362968,0.09823916852474213,0.0,0.0,0.24385379254817963,0.0
384,(주)토탈소프트뱅크,0.0,0.056883685290813446,0.0,0.0,0.0,0.0,0.0,0.2353188842535019,0.0,0.6019419431686401,0.10124251246452332
385,교보정보통신(주),0.41782185435295105,0.48058021068573,0.0,0.0,0.06734707951545715,0.0,0.0,0.0,0.0,0.031370215117931366,0.0
386,소프트캠프(주),0.021590951830148697,0.0,0.0,0.1259298026561737,0.0,0.0,0.0,0.0,0.0,0.8467950224876404,0.0
387,한화에스앤씨(주),0.0,0.0,0.0,0.0,0.0,0.0,0.0,0.0,0.9173377752304077,0.0,0.0
388,(주)네오플,0.1065380871295929,0.0,0.0,0.0,0.0,0.0,0.0,0.0,0.0,0.888784646987915,0.0
389,(주)마이셀럽스,0.0,0.0,0.0,0.0,0.30063915252685547,0.1118902713060379,0.5845369100570679,0.0,0.0,0.0,0.0
390,(주)위엠비,0.0,0.0,0.0,0.0,0.9860104918479919,0.0,0.0,0.0,0.0,0.0,0.0
391,(주)유웨이어플라이,0.49607065320014954,0.0,0.0,0.0,0.0,0.0,0.489570677280426,0.0,0.0,0.0,0.0
392,메가넥스트(주),0.0,0.0,0.0,0.0,0.0,0.0,0.4471898674964905,0.0,0.5294256806373596,0.0,0.0
393,(주)그린웍스,0.0,0.0,0.0,0.6421220898628235,0.0,0.0,0.0,0.35143351554870605,0.0,0.0,0.0
394,(주)사이버다임,0.0,0.20027592778205872,0.0,0.0,0.0,0.0,0.2099020779132843,0.0,0.0,0.5870345234870911,0.0
395,(주)이토마토,0.0,0.0,0.0,0.19784268736839294,0.0,0.0,0.0,0.7864193320274353,0.0,0.0,0.0
396,델인터내셔널(주),0.0,0.0,0.0,0.0,0.0,0.6536738276481628,0.0,0.0,0.0,0.34404000639915466,0.0
397,(주)트위니,0.0,0.0,0.0,0.04555566608905792,0.0,0.15747486054897308,0.0,0.08817047625780106,0.0,0.24913518130779266,0.45921915769577026
398,(주)라이클,0.0,0.0,0.0,0.0,0.0,0.9347854852676392,0.05485345795750618,0.0,0.0,0.0,0.0
399,(주)스마트스코어,0.0,0.0,0.0,0.9976005554199219,0.0,0.0,0.0,0.0,0.0,0.0,0.0
400,(주)유호스트,0.0,0.20581482350826263,0.0,0.27741238474845886,0.0,0.0,0.016015883535146713,0.0,0.24075525999069214,0.2579348087310791,0.0
401,(주)디케이아이테크놀로지,0.0,0.0,0.0,0.5459943413734436,0.0,0.0,0.07747600227594376,0.0,0.0,0.012643750756978989,0.3583981692790985
402,뤼이드(주),0.0,0.0,0.0,0.0,0.0,0.7566680312156677,0.23926007747650146,0.0,0.0,0.0,0.0
403,스포카(주),0.015153147280216217,0.015153465792536736,0.015152961015701294,0.015153777785599232,0.015153685584664345,0.8484655618667603,0.015153016895055771,0.01515352912247181,0.01515425555408001,0.015153451822698116,0.015153130516409874
404,콤텍정보통신(주),0.0,0.6886665225028992,0.0,0.0,0.0,0.0,0.1311415731906891,0.0,0.14988061785697937,0.0,0.0
405,(주)쿠캣,0.0,0.0,0.0,0.9953125715255737,0.0,0.0,0.0,0.0,0.0,0.0,0.0
406,(주)파인원홀딩스,0.0,0.06758953630924225,0.0,0.0,0.0,0.0,0.915206789970398,0.0,0.0,0.013788202777504921,0.0
407,넷마블몬스터(주),0.0,0.0,0.0,0.17879533767700195,0.0,0.0,0.0,0.0,0.17892205715179443,0.0,0.6345431804656982
408,펜타시스템테크놀러지(주),0.0,0.041811805218458176,0.0,0.3528522253036499,0.0,0.0,0.0,0.0,0.0,0.44066286087036133,0.16222460567951202
409,(주)뱅크샐러드,0.0,0.0,0.0,0.0,0.0,0.9668383598327637,0.0,0.02801421843469143,0.0,0.0,0.0
410,(주)셀바스에이아이,0.0,0.0,0.0,0.0,0.7526094913482666,0.0,0.0,0.242275208234787,0.0,0.0,0.0
411,(주)패스트뷰,0.0,0.0,0.0,0.0,0.0,0.0,0.9985724091529846,0.0,0.0,0.0,0.0
412,브레인즈컴퍼니(주),0.02619030699133873,0.0,0.0,0.0,0.0,0.0,0.13643169403076172,0.12893041968345642,0.0,0.7055801153182983,0.0
413,씨앤토트플러스(주),0.0,0.09175099432468414,0.0,0.0,0.0,0.0,0.0,0.0,0.0,0.895257830619812,0.0
414,(주)대우루컴즈,0.0,0.0,0.0,0.43677350878715515,0.1145196408033371,0.0,0.0,0.3401966691017151,0.10592244565486908,0.0,0.0
415,(주)디케이비엠시,0.0,0.03994397446513176,0.0,0.4093356132507324,0.0,0.0,0.14891090989112854,0.0,0.0,0.3973005712032318,0.0
416,(주)이씨오,0.0,0.0,0.0,0.0,0.0,0.0,0.18688708543777466,0.0,0.0,0.0,0.8093062043190002
417,평화이즈(주),0.2214859277009964,0.0,0.0,0.0,0.0,0.0,0.0,0.3784100413322449,0.03845356032252312,0.3591926693916321,0.0
418,(주)위메이드플레이,0.0,0.0,0.0,0.21853752434253693,0.0,0.07950114458799362,0.0,0.5988355278968811,0.09799192100763321,0.0,0.0
419,(주)헬로인사,0.9855647683143616,0.0,0.0,0.0,0.0,0.0,0.0,0.0,0.0,0.0,0.0
420,(주)아이디에스앤트러스트,0.0,0.0,0.0,0.0,0.0,0.0,0.0,0.0,0.0,0.9904108643531799,0.0
421,(주)와이어트,0.0,0.0,0.0,0.0,0.0,0.7728698253631592,0.10311593860387802,0.0,0.11810021847486496,0.0,0.0
422,누리미디어(주),0.0,0.0,0.0,0.7058306932449341,0.0,0.0,0.0,0.18217092752456665,0.0,0.0,0.10608335584402084
423,삼양데이타시스템(주),0.0,0.0,0.9925466775894165,0.0,0.0,0.0,0.0,0.0,0.0,0.0,0.0
424,어드밴텍케이알(주),0.0,0.0,0.9951372146606445,0.0,0.0,0.0,0.0,0.0,0.0,0.0,0.0
425,엘지히다찌(주),0.2715800106525421,0.0,0.0,0.0,0.058543793857097626,0.043688029050827026,0.0,0.0,0.0,0.6141762733459473,0.0
426,(주)핸디소프트,0.45992332696914673,0.0,0.0,0.526435911655426,0.0,0.0,0.0,0.0,0.0,0.0,0.0
427,두산정보통신(주),0.8701055645942688,0.012989625334739685,0.012989591807126999,0.012989277951419353,0.012989354319870472,0.012989389710128307,0.012989362701773643,0.012989514507353306,0.012989598326385021,0.012989205308258533,0.01298951543867588
428,맵퍼스(주),0.0,0.0,0.0,0.43850088119506836,0.0,0.0,0.0,0.0,0.0,0.0,0.5480818152427673
429,하나아이앤에스(주),0.015153942629694939,0.01515411026775837,0.015153879299759865,0.015154172666370869,0.015154031105339527,0.015154109336435795,0.015153616666793823,0.015153997577726841,0.848459005355835,0.015155307948589325,0.015153822489082813
430,한국콩스버그마리타임(주),0.9412131309509277,0.0,0.0,0.0,0.0,0.019213832914829254,0.0,0.0,0.0,0.03384486958384514,0.0
431,(주)대교씨엔에스,0.08485893905162811,0.1200031191110611,0.0,0.0,0.0,0.0,0.0,0.0,0.0,0.3527737259864807,0.43972280621528625
432,(주)밸로프,0.0,0.0,0.0,0.995406985282898,0.0,0.0,0.0,0.0,0.0,0.0,0.0
433,(주)트윔,0.0,0.01693982258439064,0.0,0.0,0.0,0.0,0.0,0.1920510083436966,0.0,0.0,0.7877469062805176
434,메타빌드(주),0.0,0.0,0.0,0.6659969091415405,0.0,0.0,0.0,0.22422771155834198,0.0,0.10637588053941727,0.0
435,유한책임회사앤서스랩코리아,0.0,0.0,0.0,0.3226274847984314,0.0,0.2112206369638443,0.0,0.0,0.0,0.4591906666755676,0.0
436,퓨즈(주),0.0,0.0,0.0,0.05122622475028038,0.0,0.0,0.0,0.0,0.0,0.0,0.9405062794685364
437,(주)티쿤글로벌,0.0,0.0,0.0,0.0,0.15584439039230347,0.1874227523803711,0.33778855204582214,0.0,0.0,0.0,0.3111799955368042
438,교육지대(주),0.0,0.0,0.0,0.9938139319419861,0.0,0.0,0.0,0.0,0.0,0.0,0.0
439,비에스지파트너스(주),0.0,0.0,0.0,0.40893444418907166,0.0,0.0,0.0,0.0,0.0,0.585716187953949,0.0
440,(주)어스얼라이언스,0.07615020871162415,0.0,0.0,0.3285275399684906,0.0,0.0,0.5912578701972961,0.0,0.0,0.0,0.0
441,(주)에이블리코퍼레이션,0.0,0.0,0.0,0.0,0.0,0.9983615279197693,0.0,0.0,0.0,0.0,0.0
442,아이젝스(주),0.0,0.0,0.0,0.03745410591363907,0.0,0.0,0.0,0.0,0.0,0.9508562088012695,0.0
443,(주)와그,0.0,0.0,0.0,0.0,0.0,0.23248620331287384,0.16585691273212433,0.0,0.5927845239639282,0.0,0.0
444,(주)와이즈버즈,0.018968859687447548,0.0,0.33560413122177124,0.07836710661649704,0.0,0.18943347036838531,0.0,0.09043104201555252,0.043565429747104645,0.23447993397712708,0.0
445,(주)이포넷,0.07956637442111969,0.0,0.0,0.18723969161510468,0.0,0.0,0.07253662496805191,0.0,0.0,0.40286609530448914,0.25536593794822693
446,(주)케이아이엔엑스,0.0,0.28007301688194275,0.0,0.28779491782188416,0.0,0.0,0.0,0.0,0.0,0.4281347990036011,0.0
447,에스지에이(주),0.0,0.0,0.0,0.0,0.0,0.0,0.6620025038719177,0.0,0.0,0.3281365633010864,0.0
448,(주)네이블커뮤니케이션즈,0.0,0.0,0.0,0.0,0.0,0.0,0.9857903122901917,0.0,0.0,0.0,0.0
449,(주)산하정보기술,0.0,0.0,0.0,0.7496889233589172,0.10893997550010681,0.13752174377441406,0.0,0.0,0.0,0.0,0.0
450,(주)에코시안,0.0,0.0,0.0,0.0,0.0,0.0,0.0,0.0,0.22926118969917297,0.7650551199913025,0.0
451,(주)한화컨버전스,0.0,0.0,0.0,0.0,0.9883421659469604,0.0,0.0,0.0,0.0,0.0,0.0
452,(주)헥토이노베이션,0.0,0.0,0.1297367364168167,0.0,0.0,0.0,0.0,0.6209688186645508,0.0,0.0,0.24715381860733032
453,이음소시어스(주),0.17913739383220673,0.0,0.0,0.0,0.0,0.0,0.7390105724334717,0.0,0.0,0.0,0.0
454,포인트모바일(주),0.0,0.0,0.7711846828460693,0.22488072514533997,0.0,0.0,0.0,0.0,0.0,0.0,0.0
455,(주)생각연구소,0.0,0.0,0.0,0.0,0.0,0.0,0.0,0.9754222631454468,0.0,0.0,0.0
456,(주)컴트루테크놀로지,0.0,0.0,0.0,0.0,0.0,0.0,0.9788510799407959,0.0,0.0,0.0,0.0
457,(주)크몽,0.0,0.0,0.0,0.06426933407783508,0.0,0.829150915145874,0.04110356792807579,0.0,0.0,0.0,0.05586790293455124
458,(주)퀄슨,0.0,0.0,0.0,0.021135566756129265,0.0,0.569572389125824,0.0,0.03677447885274887,0.0,0.0,0.36965006589889526
459,(주)퓨쳐시스템,0.0,0.0,0.0,0.958664059638977,0.0,0.0,0.0,0.0,0.0,0.0,0.0
460,네티브(주),0.15546737611293793,0.0,0.0,0.0,0.0,0.0,0.0,0.2693568170070648,0.0,0.5665143132209778,0.0
461,엔셀(주),0.0,0.9950308799743652,0.0,0.0,0.0,0.0,0.0,0.0,0.0,0.0,0.0
462,(주)비아이매트릭스,0.0,0.0,0.0,0.6110833287239075,0.0,0.0,0.18501311540603638,0.0,0.0,0.20206701755523682,0.0
463,(주)인포바인,0.0,0.0,0.9927253127098083,0.0,0.0,0.0,0.0,0.0,0.0,0.0,0.0
464,(주)파라메타,0.0,0.0,0.0,0.0,0.0,0.21760152280330658,0.7642120718955994,0.0,0.0,0.0,0.0
465,(주)포비즈코리아,0.0,0.0,0.0,0.8900301456451416,0.0,0.0,0.0,0.0,0.0,0.10506877303123474,0.0
466,대아티아이(주),0.01598026230931282,0.0,0.0,0.050955187529325485,0.0,0.0,0.0,0.0,0.0,0.9294628500938416,0.0
467,(주)메트릭스코퍼레이션,0.0,0.0,0.0,0.0,0.0,0.0,0.0,0.0,0.0,0.0,0.9760684967041016
468,(주)액토즈소프트,0.3876265287399292,0.0,0.0,0.0,0.0,0.0,0.0,0.4191913902759552,0.0,0.04714861884713173,0.13896024227142334
469,(주)코스콤,0.3751985728740692,0.0,0.0,0.0,0.2986678183078766,0.0,0.0,0.17443500459194183,0.0,0.0,0.14736825227737427
470,(주)디유넷,0.0,0.0,0.0,0.0,0.0,0.0,0.7146800756454468,0.26752719283103943,0.0,0.0,0.0
471,(주)이지미디어,0.0,0.0,0.13525044918060303,0.0,0.0,0.0,0.5144922733306885,0.0,0.0,0.24704846739768982,0.09747389703989029
472,다쏘시스템코리아(주),0.0,0.0,0.0,0.0,0.0,0.08121301978826523,0.0,0.0,0.0,0.914524257183075,0.0
473,코너크리에이티브(주),0.0,0.0,0.0,0.0,0.0,0.0,0.5821681022644043,0.0,0.0,0.40483999252319336,0.0
474,코츠테크놀로지(주),0.0,0.026128407567739487,0.0,0.0,0.0,0.0,0.0,0.9631022214889526,0.0,0.0,0.0
475,(주)게임덱스,0.0,0.0,0.0,0.0,0.0,0.0,0.993236243724823,0.0,0.0,0.0,0.0
476,(주)다산네트웍솔루션즈,0.0,0.0,0.0,0.2874239683151245,0.0,0.0,0.08971229195594788,0.5575634837150574,0.0,0.0,0.06081736832857132
477,(주)루키스,0.0,0.0,0.9877111911773682,0.0,0.0,0.0,0.0,0.0,0.0,0.0,0.0
478,(주)오케이포스,0.4436112642288208,0.0,0.0,0.41438692808151245,0.0,0.0,0.13793732225894928,0.0,0.0,0.0,0.0
479,(주)유니파이,0.0,0.0,0.0,0.9930576086044312,0.0,0.0,0.0,0.0,0.0,0.0,0.0
480,(주)퓨처젠,0.0,0.9875431656837463,0.0,0.0,0.0,0.0,0.0,0.0,0.0,0.0,0.0
481,네이버아이앤에스(주),0.15840542316436768,0.0,0.0,0.0,0.0,0.2703249454498291,0.0,0.5600773096084595,0.0,0.0,0.0
482,다하미커뮤니케이션즈(주),0.2231217324733734,0.0,0.0,0.0,0.0,0.0,0.012207049876451492,0.0,0.0,0.4228670299053192,0.337615966796875
483,(주)미리디,0.0,0.0,0.0,0.0,0.0,0.20274510979652405,0.022235922515392303,0.0,0.0,0.7690500617027283,0.0
484,(주)삼보컴퓨터,0.0,0.0,0.0,0.0,0.9675235152244568,0.0,0.0,0.0,0.0,0.0,0.0
485,(주)시티랩스,0.0,0.0,0.0,0.5626177191734314,0.0,0.2602002024650574,0.0,0.1426619291305542,0.02625279873609543,0.0,0.0
486,디자인커뮤니케이션(주),0.0,0.0,0.0,0.0,0.9494816064834595,0.0,0.0,0.0,0.0,0.0,0.0
487,아지앙스코리아(주),0.0,0.0,0.0,0.9766818284988403,0.0,0.0,0.0,0.0,0.0,0.0,0.0
488,키즈룹(주),0.0,0.0,0.0,0.0,0.0,0.7659643888473511,0.22809067368507385,0.0,0.0,0.0,0.0
489,텔코웨어(주),0.0,0.0,0.0,0.0,0.0,0.0,0.0,0.9914205074310303,0.0,0.0,0.0
490,(주)리틀팍스,0.03195863962173462,0.0,0.0,0.41744887828826904,0.0,0.0,0.28163251280784607,0.028119562193751335,0.0,0.09038161486387253,0.1483634114265442
491,(주)소셜뉴스,0.0,0.0,0.0,0.22403527796268463,0.0,0.3099422752857208,0.46024829149246216,0.0,0.0,0.0,0.0
492,(주)쓰리디팩토리,0.0,0.0,0.0,0.9469084739685059,0.0,0.0,0.0,0.0,0.0,0.05061137303709984,0.0
493,(주)에이디앤스타일,0.0,0.0,0.0,0.3202384412288666,0.0,0.0,0.0,0.5324082374572754,0.059400495141744614,0.0,0.07380563765764236
494,(주)유젠,0.04599414020776749,0.0,0.0,0.0,0.0,0.0,0.31797900795936584,0.0,0.0,0.6323708295822144,0.0
495,(주)지란지교소프트,0.0,0.0,0.6378965973854065,0.0,0.0,0.35310956835746765,0.0,0.0,0.0,0.0,0.0
496,월급날(주),0.0,0.0,0.0,0.0,0.0,0.0,0.0,0.0,0.0,0.0,0.9802297353744507
497,이랜드시스템스(주),0.01818419247865677,0.018184635788202286,0.018184645101428032,0.01818496733903885,0.018184633925557137,0.018185365945100784,0.01818491332232952,0.818152666091919,0.018184367567300797,0.018185140565037727,0.018184414133429527
498,인버스(주),0.0,0.0,0.0,0.4894711375236511,0.0,0.0,0.1504860520362854,0.0,0.0,0.3543824255466461,0.0
499,(주)드림인사이트,0.0,0.0,0.0,0.4624115824699402,0.0,0.0,0.5348960161209106,0.0,0.0,0.0,0.0
500,(주)씨아이솔루션,0.36924514174461365,0.5747547745704651,0.048499736934900284,0.0,0.0,0.0,0.0,0.0,0.0,0.0,0.0
501,(주)아이에스에프넷코리아,0.0,0.13897472620010376,0.8446568250656128,0.0,0.0,0.0,0.0,0.0,0.0,0.0,0.0
502,(주)알엠소프트,0.0,0.9915800094604492,0.0,0.0,0.0,0.0,0.0,0.0,0.0,0.0,0.0
503,(주)에이텍시스템,0.0,0.3925820589065552,0.0,0.0,0.0,0.0,0.0,0.5975574254989624,0.0,0.0,0.0
504,(주)재능이아카데미,0.0,0.0,0.0,0.0,0.9903257489204407,0.0,0.0,0.0,0.0,0.0,0.0
505,위지언(주),0.0,0.0,0.0,0.25941741466522217,0.7210959196090698,0.0,0.0,0.0,0.0,0.0,0.0
506,잡플래닛,0.0,0.0,0.0,0.0,0.0,0.8348594307899475,0.0,0.0,0.0,0.1634802371263504,0.0
507,(주)티머니,0.2948790192604065,0.0,0.4866165220737457,0.0,0.0,0.2099456787109375,0.0,0.0,0.0,0.0,0.0
508,일렉트로닉아츠코리아(유),0.10261810570955276,0.0,0.0,0.0,0.0,0.6368657946586609,0.0,0.2510678768157959,0.0,0.0,0.0
509,(주)동훈아이텍,0.0,0.6475940942764282,0.0,0.0,0.0,0.33981436491012573,0.0,0.0,0.0,0.0,0.0
510,(주)유니포인트,0.0,0.0,0.0,0.0,0.0,0.0,0.0,0.0,0.0,0.0,0.9871917366981506
511,(주)윤디자인그룹,0.0,0.0,0.0,0.3175247311592102,0.0,0.0,0.0,0.0,0.0,0.6597402691841125,0.0
512,아이엠씨게임즈(주),0.0,0.0,0.6983650922775269,0.2882184684276581,0.0,0.0,0.0,0.0,0.0,0.0,0.0
513,아이크래프트(주),0.0,0.48663923144340515,0.0,0.0,0.0,0.0,0.0,0.0,0.0,0.5062437057495117,0.0
514,오비고(주),0.0,0.0,0.0,0.7843703031539917,0.0,0.0,0.0,0.0,0.0,0.20303843915462494,0.0
515,(주)데이타솔루션,0.0,0.657241940498352,0.0,0.23748591542243958,0.0,0.0,0.0,0.0,0.0,0.09753280133008957,0.0
516,(주)에스에스알,0.0,0.377872109413147,0.0,0.6147542595863342,0.0,0.0,0.0,0.0,0.0,0.0,0.0
517,지티원(주),0.0,0.42869362235069275,0.0,0.0,0.0,0.0,0.0,0.5613248944282532,0.0,0.0,0.0
518,티아이스퀘어(주),0.0,0.0,0.0,0.0,0.0,0.0,0.0,0.0,0.0,0.0,0.9837629795074463
519,(주)베스파,0.0,0.0,0.0,0.0,0.0,0.2715187668800354,0.5934263467788696,0.13047897815704346,0.0,0.0,0.0
520,(주)스마트인피니,0.0,0.0,0.0,0.2493886798620224,0.0,0.10638764500617981,0.0,0.389931857585907,0.0,0.2477291375398636,0.0
521,(주)이노트리,0.0,0.0,0.0,0.0,0.0,0.0,0.0,0.6548557281494141,0.0,0.3284265100955963,0.0
522,(주)포시에스,0.0,0.0,0.0,0.17118717730045319,0.0,0.0,0.0,0.8183194994926453,0.0,0.0,0.0
523,(주)하이브로,0.0,0.0,0.0,0.6591178178787231,0.0,0.0,0.33889079093933105,0.0,0.0,0.0,0.0
524,오티아이(주),0.0,0.9915802478790283,0.0,0.0,0.0,0.0,0.0,0.0,0.0,0.0,0.0
525,(주)두잇시스템,0.0,0.2602638006210327,0.0,0.0,0.0,0.0,0.7295056581497192,0.0,0.0,0.0,0.0
526,(주)씨티티디,0.0,0.0,0.0,0.0,0.0,0.0,0.18450039625167847,0.0,0.0,0.0,0.8114877343177795
527,(주)아비드이앤에프,0.0,0.0,0.0,0.9981015920639038,0.0,0.0,0.0,0.0,0.0,0.0,0.0
528,아이퀘스트(주),0.0,0.0,0.0,0.9747394919395447,0.0,0.0,0.0,0.0,0.0,0.0,0.0
529,티쓰리엔터테인먼트(주),0.0,0.0,0.0,0.0,0.9545353651046753,0.0,0.0,0.0,0.0,0.0,0.0
530,(주)미소정보기술,0.0,0.09000612050294876,0.0,0.468654066324234,0.0,0.0,0.14702461659908295,0.05074036493897438,0.0,0.24145165085792542,0.0
531,(주)지오투정보기술,0.0,0.0,0.0,0.0,0.0,0.0,0.7565851807594299,0.0,0.0,0.23367145657539368,0.0
532,네이버웹툰,0.065908282995224,0.0,0.0,0.0,0.0,0.6351897120475769,0.0,0.0,0.0,0.29556480050086975,0.0
533,위두커뮤니케이션즈(주),0.0,0.0,0.0,0.0,0.0,0.0,0.2109379768371582,0.0,0.0,0.7716484665870667,0.0
534,포켓몬코리아(주),0.0,0.0,0.9527941942214966,0.04090997204184532,0.0,0.0,0.0,0.0,0.0,0.0,0.0
535,(주)뉴스1,0.0,0.0,0.0,0.4213182032108307,0.0,0.0,0.0,0.571803867816925,0.0,0.0,0.0
536,(주)다날엔터테인먼트,0.0,0.0,0.0,0.0,0.0,0.0,0.0,0.9944550395011902,0.0,0.0,0.0
537,(주)다우데이타,0.0,0.12174467742443085,0.0,0.0,0.0,0.0,0.0,0.0,0.09340734034776688,0.7752752900123596,0.0
538,(주)씨유기획,0.0,0.0,0.0,0.8900229930877686,0.0,0.0,0.10764534771442413,0.0,0.0,0.0,0.0
539,(주)아티언스,0.0,0.0,0.0,0.5576258897781372,0.0,0.17521196603775024,0.1999429315328598,0.0,0.0,0.06403625756502151,0.0
540,(주)집꾸미기,0.0,0.0,0.0,0.0,0.0,0.7097213268280029,0.28534814715385437,0.0,0.0,0.0,0.0
541,(주)헥토파이낸셜,0.0,0.0,0.0,0.0,0.0,0.0,0.0,0.9960634708404541,0.0,0.0,0.0
542,노츠(주),0.0,0.23888058960437775,0.21717265248298645,0.0,0.0,0.0,0.0,0.0,0.0,0.5343742370605469,0.0
543,한국후지쯔(주),0.0,0.0,0.0,0.0,0.9864269495010376,0.0,0.0,0.0,0.0,0.0,0.0
544,(주)산업마케팅,0.0,0.0,0.0,0.5669906735420227,0.0,0.0,0.42488589882850647,0.0,0.0,0.0,0.0
545,(주)소리자바,0.0,0.0,0.0,0.2688520550727844,0.0,0.0,0.0,0.0,0.0,0.0724780485033989,0.6535459756851196
546,(주)힙합퍼,0.0,0.0,0.15677419304847717,0.0,0.0,0.0,0.8304380774497986,0.0,0.0,0.0,0.0
547,넛지헬스케어(주),0.0,0.0,0.0,0.8757604956626892,0.0,0.0,0.12242883443832397,0.0,0.0,0.0,0.0
548,디에스글로벌(주),0.0,0.0,0.0,0.7955623269081116,0.0,0.0,0.0,0.0,0.0,0.18806886672973633,0.0
549,이와이드플러스(주),0.0,0.0,0.0,0.0,0.0,0.0,0.5454801917076111,0.0,0.0,0.4090457260608673,0.0
550,(주)와이지플러스,0.0,0.0,0.0,0.0,0.0,0.030955888330936432,0.9638967514038086,0.0,0.0,0.0,0.0
551,선도소프트(주),0.0,0.6278706789016724,0.0,0.3545656204223633,0.0,0.0,0.0,0.0,0.0,0.0,0.0
552,케이엘넷(주),0.21905948221683502,0.0,0.7752569913864136,0.0,0.0,0.0,0.0,0.0,0.0,0.0,0.0
